recno,Year,SN,e_SN,<SN>
1,971,120.5,39.4,62.2
2,972,47.9,17.4,65.3
3,973,2.7,20.2,68.6
4,974,-25.5,24.4,71.2
5,975,-49.7,23.3,73.0
6,976,-62.0,24.4,74.2
7,977,-42.8,32.7,75.5
8,978,27.3,52.2,76.9
9,979,133.0,76.0,78.3
10,980,231.8,94.7,79.5
11,981,273.6,100.0,80.3
12,982,238.8,92.7,80.6
13,983,157.5,76.1,80.6
14,984,76.0,55.1,80.3
15,985,26.5,40.1,80.0
16,986,7.4,34.5,79.6
17,987,-15.9,32.3,79.1
18,988,-46.0,31.1,78.7
19,989,-28.2,34.1,78.4
20,990,55.9,39.2,78.1
21,991,160.0,48.1,77.8
22,992,210.9,53.1,77.3
23,993,194.1,48.0,77.3
24,994,140.3,40.5,76.9
25,995,45.2,31.9,76.2
26,996,-43.0,26.0,75.3
27,997,-51.8,25.5,74.5
28,998,7.5,29.7,73.7
29,999,63.8,36.3,72.7
30,1000,98.3,42.8,71.3
31,1001,149.4,49.5,69.6
32,1002,187.1,53.3,67.6
33,1003,185.7,53.3,65.3
34,1004,153.7,49.7,63.0
35,1005,93.5,42.2,60.6
36,1006,31.0,33.5,58.2
37,1007,-16.8,28.0,55.8
38,1008,-29.4,26.8,53.5
39,1009,-13.1,29.6,51.2
40,1010,6.6,32.6,48.9
41,1011,41.2,36.9,46.3
42,1012,75.3,42.0,43.6
43,1013,94.4,44.9,40.7
44,1014,93.8,44.0,38.0
45,1015,77.3,38.7,35.3
46,1016,55.3,31.5,32.7
47,1017,22.6,26.9,30.2
48,1018,-3.7,22.9,27.7
49,1019,-25.8,20.5,25.1
50,1020,-39.1,21.0,22.6
51,1021,-35.6,21.4,20.2
52,1022,-25.4,23.1,18.1
53,1023,-1.4,25.2,16.4
54,1024,33.9,29.3,15.1
55,1025,58.0,33.0,14.1
56,1026,63.8,33.1,13.1
57,1027,45.4,28.9,12.2
58,1028,14.0,23.2,11.1
59,1029,-18.0,21.9,10.1
60,1030,-40.8,23.0,9.2
61,1031,-40.4,22.4,8.6
62,1032,-26.8,20.4,8.4
63,1033,-5.8,20.3,8.4
64,1034,27.5,23.3,8.7
65,1035,45.7,25.3,9.0
66,1036,37.2,26.1,9.3
67,1037,23.4,25.8,9.6
68,1038,10.3,24.0,10.0
69,1039,-2.0,21.3,10.6
70,1040,-10.9,18.6,11.1
71,1041,-5.7,18.4,11.8
72,1042,5.9,17.1,12.4
73,1043,11.9,14.9,13.1
74,1044,20.7,15.3,13.5
75,1045,27.5,14.8,13.9
76,1046,13.4,14.3,14.2
77,1047,-19.8,15.5,14.6
78,1048,-46.3,17.1,15.3
79,1049,-30.3,20.5,16.5
80,1050,18.2,26.9,18.0
81,1051,59.5,32.9,19.4
82,1052,93.2,36.8,20.7
83,1053,108.9,37.4,21.5
84,1054,82.7,34.0,21.8
85,1055,26.9,29.1,21.9
86,1056,-17.2,25.5,22.0
87,1057,-17.4,24.8,22.3
88,1058,3.1,24.5,22.9
89,1059,15.8,24.7,23.8
90,1060,15.2,25.9,24.9
91,1061,10.8,26.7,26.1
92,1062,23.6,27.5,27.4
93,1063,31.1,26.7,28.8
94,1064,12.5,25.0,30.2
95,1065,-8.8,26.3,31.7
96,1066,-6.1,28.1,33.4
97,1067,24.5,30.5,35.4
98,1068,49.6,32.3,37.4
99,1069,69.8,35.7,39.2
100,1070,78.1,38.1,40.9
101,1071,59.4,36.9,42.1
102,1072,37.1,35.1,43.1
103,1073,14.9,32.6,44.0
104,1074,-3.6,30.9,45.1
105,1075,4.5,33.3,46.4
106,1076,38.1,37.8,48.0
107,1077,71.7,41.8,49.7
108,1078,81.5,44.5,51.4
109,1079,88.1,45.2,52.9
110,1080,99.7,45.7,54.1
111,1081,95.7,45.5,55.2
112,1082,83.1,45.0,56.0
113,1083,73.1,44.5,56.7
114,1084,80.1,44.8,57.3
115,1085,78.8,43.1,57.8
116,1086,77.2,41.3,58.1
117,1087,82.1,41.2,58.2
118,1088,60.7,40.3,58.1
119,1089,34.3,37.5,57.9
120,1090,34.3,34.3,57.8
121,1091,26.0,31.0,57.7
122,1092,4.9,30.3,57.8
123,1093,-6.3,32.7,58.1
124,1094,6.8,35.8,58.7
125,1095,34.0,37.3,59.3
126,1096,52.9,36.9,60.0
127,1097,66.3,38.3,60.5
128,1098,89.6,44.6,61.0
129,1099,100.0,50.2,61.5
130,1100,97.7,52.6,61.8
131,1101,82.0,50.6,61.9
132,1102,72.3,49.6,62.0
133,1103,80.8,52.9,62.0
134,1104,82.3,57.1,61.9
135,1105,85.6,58.2,61.7
136,1106,70.3,51.7,61.4
137,1107,53.0,45.0,61.1
138,1108,60.3,44.1,60.9
139,1109,51.5,44.7,60.8
140,1110,51.9,43.8,60.7
141,1111,67.5,42.0,60.6
142,1112,66.8,38.4,60.5
143,1113,65.2,37.1,60.5
144,1114,50.5,35.5,60.7
145,1115,38.0,32.8,61.3
146,1116,44.1,31.8,62.1
147,1117,57.4,31.7,63.4
148,1118,74.1,32.1,64.8
149,1119,83.7,31.6,66.2
150,1120,77.7,30.1,67.6
151,1121,62.1,28.2,68.9
152,1122,41.1,26.9,70.1
153,1123,19.4,27.6,71.4
154,1124,8.0,28.8,72.9
155,1125,17.0,29.8,74.6
156,1126,40.6,31.5,76.5
157,1127,61.3,32.8,78.8
158,1128,73.6,35.5,81.2
159,1129,75.8,38.4,83.5
160,1130,70.1,41.4,85.7
161,1131,64.6,46.3,87.7
162,1132,68.2,52.4,89.4
163,1133,96.8,64.5,90.9
164,1134,156.1,82.6,92.0
165,1135,225.4,101.0,92.7
166,1136,259.7,109.7,92.6
167,1137,265.4,105.3,91.7
168,1138,229.3,86.0,90.0
169,1139,146.9,68.3,87.5
170,1140,77.6,59.6,84.6
171,1141,24.8,50.6,81.4
172,1142,-13.4,42.4,78.2
173,1143,-12.5,38.6,75.1
174,1144,8.1,37.7,72.1
175,1145,40.5,43.4,69.2
176,1146,72.8,50.6,66.3
177,1147,115.9,55.8,63.4
178,1148,139.4,56.4,60.4
179,1149,102.9,52.3,57.2
180,1150,52.1,45.6,54.0
181,1151,15.1,38.9,50.9
182,1152,-14.3,31.4,47.9
183,1153,-34.7,25.3,45.1
184,1154,-35.4,23.1,42.6
185,1155,-15.9,25.4,40.4
186,1156,11.8,27.6,38.5
187,1157,43.4,28.7,36.9
188,1158,64.9,31.2,35.6
189,1159,60.4,32.6,34.6
190,1160,45.8,31.7,33.9
191,1161,16.8,28.4,33.7
192,1162,-16.5,24.2,33.8
193,1163,-35.0,22.5,34.5
194,1164,-26.1,26.7,35.6
195,1165,-1.0,31.6,36.8
196,1166,36.9,39.5,38.2
197,1167,94.4,51.7,39.5
198,1168,140.1,60.8,40.6
199,1169,152.5,62.7,41.4
200,1170,144.8,57.7,42.2
201,1171,92.7,44.8,43.1
202,1172,34.6,39.1,44.3
203,1173,13.1,38.4,45.8
204,1174,0.9,36.0,47.7
205,1175,-6.4,33.1,49.6
206,1176,-15.4,29.2,51.6
207,1177,-17.2,26.4,53.6
208,1178,-11.3,27.1,55.6
209,1179,-14.6,28.7,57.6
210,1180,11.2,34.2,59.8
211,1181,57.8,44.7,62.1
212,1182,90.2,56.0,64.4
213,1183,128.5,66.0,66.7
214,1184,142.1,68.0,68.8
215,1185,113.5,60.8,70.6
216,1186,69.2,51.4,72.0
217,1187,34.1,45.2,73.2
218,1188,28.5,44.7,74.2
219,1189,35.4,46.8,75.2
220,1190,72.2,53.2,76.3
221,1191,149.8,68.0,77.3
222,1192,215.3,84.4,78.1
223,1193,240.0,91.1,78.5
224,1194,214.7,82.7,78.2
225,1195,143.8,64.4,77.3
226,1196,70.5,48.0,75.8
227,1197,17.6,38.5,73.9
228,1198,-19.2,32.4,71.9
229,1199,-30.9,28.2,69.9
230,1200,-24.1,28.9,67.9
231,1201,-2.2,32.5,66.0
232,1202,50.0,37.2,64.1
233,1203,96.2,40.8,62.1
234,1204,125.8,43.6,59.9
235,1205,144.6,47.7,57.5
236,1206,118.1,48.0,54.8
237,1207,79.1,42.7,51.9
238,1208,40.3,35.2,49.0
239,1209,-4.5,31.6,46.1
240,1210,-11.6,34.0,43.2
241,1211,2.8,38.9,40.4
242,1212,28.8,42.3,37.7
243,1213,63.1,43.4,35.1
244,1214,73.5,42.1,32.8
245,1215,69.8,40.2,30.9
246,1216,47.5,35.4,29.4
247,1217,3.1,26.2,28.4
248,1218,-23.5,21.1,27.8
249,1219,-26.0,21.6,27.5
250,1220,-10.4,22.5,27.4
251,1221,4.3,21.5,27.4
252,1222,8.3,21.7,27.4
253,1223,19.7,24.5,27.4
254,1224,27.6,27.1,27.6
255,1225,33.1,27.5,28.1
256,1226,28.8,28.0,28.9
257,1227,18.4,28.7,30.1
258,1228,23.7,30.1,31.5
259,1229,12.4,28.9,33.0
260,1230,-2.4,26.2,34.7
261,1231,-10.0,26.0,36.4
262,1232,-21.0,31.2,38.1
263,1233,1.7,36.9,40.0
264,1234,40.9,47.6,42.1
265,1235,85.8,62.7,44.3
266,1236,138.2,75.5,46.4
267,1237,143.1,76.8,48.3
268,1238,121.2,66.6,49.9
269,1239,74.7,51.4,51.0
270,1240,29.5,43.5,51.9
271,1241,15.2,42.2,52.7
272,1242,23.5,44.0,53.4
273,1243,45.2,50.4,53.9
274,1244,65.5,55.4,54.4
275,1245,101.0,57.5,54.6
276,1246,134.0,55.8,54.4
277,1247,115.7,49.2,53.7
278,1248,69.1,42.1,52.7
279,1249,17.1,36.2,51.6
280,1250,-9.5,33.2,50.5
281,1251,-9.3,33.1,49.6
282,1252,0.2,35.7,48.8
283,1253,21.5,38.6,48.0
284,1254,51.6,43.3,47.0
285,1255,93.9,55.2,45.8
286,1256,111.1,65.3,44.3
287,1257,100.1,66.4,42.5
288,1258,62.8,56.8,40.7
289,1259,24.2,47.8,39.0
290,1260,24.9,48.7,37.6
291,1261,20.2,50.2,36.4
292,1262,13.4,47.4,35.2
293,1263,24.3,42.4,34.1
294,1264,24.5,34.5,33.0
295,1265,21.9,32.8,31.7
296,1266,0.6,34.7,30.4
297,1267,-8.6,35.5,29.2
298,1268,8.7,37.5,28.2
299,1269,29.9,37.8,27.4
300,1270,63.0,41.9,27.0
301,1271,64.1,47.2,26.5
302,1272,41.1,46.4,26.0
303,1273,29.4,42.4,25.4
304,1274,-5.6,32.6,24.6
305,1275,-23.5,28.2,23.8
306,1276,-8.4,37.9,23.1
307,1277,13.1,46.6,22.5
308,1278,64.2,55.1,21.9
309,1279,78.6,56.3,21.4
310,1280,57.4,49.2,20.8
311,1281,44.5,46.3,20.2
312,1282,11.4,40.1,19.4
313,1283,15.5,31.7,18.5
314,1284,21.6,29.5,17.7
315,1285,-4.4,27.8,16.7
316,1286,-25.7,28.1,15.8
317,1287,-50.6,30.7,15.0
318,1288,-36.5,33.6,14.5
319,1289,4.7,40.3,14.1
320,1290,47.8,50.8,13.6
321,1291,89.2,58.3,13.1
322,1292,83.0,53.2,12.3
323,1293,61.3,41.3,11.4
324,1294,15.8,31.0,10.4
325,1295,-23.3,28.1,9.4
326,1296,-18.8,27.5,8.5
327,1297,-24.4,23.7,7.6
328,1298,-26.0,20.7,6.8
329,1299,-17.7,22.1,6.1
330,1300,10.1,24.8,5.5
331,1301,36.3,24.8,5.0
332,1302,14.7,21.9,4.5
333,1303,-5.0,19.0,4.1
334,1304,-8.0,20.2,3.7
335,1305,-12.9,21.9,3.3
336,1306,-15.8,20.5,3.0
337,1307,-16.0,18.5,2.7
338,1308,3.2,18.8,2.6
339,1309,19.6,18.9,2.3
340,1310,0.4,19.1,2.0
341,1311,-7.3,19.0,1.6
342,1312,25.6,20.5,1.3
343,1313,40.3,21.4,1.0
344,1314,12.1,20.7,0.8
345,1315,-2.0,21.9,0.8
346,1316,4.1,22.9,0.9
347,1317,-7.4,23.8,1.0
348,1318,-23.3,22.2,1.0
349,1319,-11.2,21.1,1.1
350,1320,15.0,22.0,1.1
351,1321,13.7,20.2,1.0
352,1322,-6.2,19.2,0.9
353,1323,-9.5,19.6,1.0
354,1324,-12.9,17.9,1.2
355,1325,-24.5,17.9,1.6
356,1326,-19.6,17.0,2.1
357,1327,-6.4,16.9,2.7
358,1328,6.0,19.3,3.3
359,1329,10.2,21.2,3.9
360,1330,10.8,21.9,4.5
361,1331,6.9,21.6,5.1
362,1332,2.7,21.6,5.7
363,1333,14.6,22.9,6.5
364,1334,27.0,24.1,7.5
365,1335,26.6,23.0,8.8
366,1336,27.3,22.3,10.5
367,1337,5.6,22.9,12.4
368,1338,-6.2,26.0,14.6
369,1339,-10.0,26.4,17.2
370,1340,-26.4,26.8,19.9
371,1341,-20.5,34.8,23.0
372,1342,3.5,43.7,26.2
373,1343,32.0,48.9,29.7
374,1344,52.8,45.3,33.3
375,1345,43.1,36.4,37.0
376,1346,32.5,34.2,40.9
377,1347,24.0,32.2,45.0
378,1348,17.5,35.1,49.4
379,1349,18.1,36.0,54.1
380,1350,0.2,39.0,58.9
381,1351,-0.8,54.5,63.9
382,1352,26.8,71.8,69.0
383,1353,49.4,83.4,73.9
384,1354,72.7,83.9,78.7
385,1355,126.6,76.7,83.0
386,1356,194.7,78.6,86.9
387,1357,206.5,89.3,90.1
388,1358,169.9,90.6,92.6
389,1359,149.1,88.4,94.6
390,1360,125.6,78.5,96.2
391,1361,96.1,66.5,97.4
392,1362,80.9,59.6,98.2
393,1363,74.0,58.9,98.7
394,1364,85.5,61.7,98.8
395,1365,118.2,66.8,98.6
396,1366,163.7,74.8,97.8
397,1367,189.1,81.5,96.4
398,1368,194.3,84.0,94.4
399,1369,199.9,80.5,91.6
400,1370,174.4,74.2,88.2
401,1371,115.1,66.1,84.0
402,1372,52.4,55.7,79.5
403,1373,11.0,45.1,74.7
404,1374,-7.7,36.4,69.7
405,1375,-24.5,30.1,64.8
406,1376,-20.8,29.7,60.1
407,1377,-3.5,33.7,55.6
408,1378,24.0,39.2,51.5
409,1379,59.9,45.9,47.7
410,1380,79.0,51.0,44.2
411,1381,91.8,52.1,40.8
412,1382,87.3,48.1,37.3
413,1383,58.3,40.6,33.8
414,1384,31.4,32.6,30.2
415,1385,1.7,27.2,26.6
416,1386,-22.0,23.8,23.1
417,1387,-24.0,21.2,19.9
418,1388,-9.8,20.6,17.1
419,1389,6.0,20.4,14.6
420,1390,18.2,21.2,12.6
421,1391,22.4,20.7,10.9
422,1392,9.2,20.2,9.4
423,1393,-9.4,20.6,8.3
424,1394,-25.6,20.1,7.5
425,1395,-29.9,21.5,6.9
426,1396,-26.6,22.0,6.5
427,1397,-13.0,21.9,6.3
428,1398,17.7,24.8,6.2
429,1399,38.1,27.6,6.0
430,1400,40.0,29.4,5.7
431,1401,34.2,28.0,5.2
432,1402,21.1,23.2,4.6
433,1403,7.7,20.8,4.0
434,1404,-12.3,19.7,3.6
435,1405,-27.2,19.5,3.3
436,1406,-23.2,19.7,3.4
437,1407,-11.6,18.9,3.6
438,1408,0.7,20.0,4.0
439,1409,-2.8,20.8,4.3
440,1410,2.0,21.7,4.6
441,1411,14.1,21.8,4.8
442,1412,0.5,21.5,4.9
443,1413,0.2,23.7,5.0
444,1414,9.9,27.1,5.2
445,1415,17.6,28.4,5.5
446,1416,36.3,29.7,5.6
447,1417,40.7,31.7,5.6
448,1418,43.3,30.3,5.4
449,1419,35.8,25.3,4.9
450,1420,4.0,21.0,4.2
451,1421,-25.1,18.9,3.4
452,1422,-45.5,19.9,2.7
453,1423,-39.6,20.3,2.2
454,1424,-32.4,20.4,1.8
455,1425,-22.5,20.5,1.5
456,1426,12.0,20.6,1.2
457,1427,46.5,26.2,0.8
458,1428,55.4,29.5,0.1
459,1429,20.4,27.9,-0.8
460,1430,-9.5,24.4,-1.7
461,1431,-12.2,22.3,-2.6
462,1432,-19.0,26.2,-3.3
463,1433,-15.5,27.2,-4.0
464,1434,-4.6,24.6,-4.5
465,1435,17.0,24.3,-5.0
466,1436,33.9,23.5,-5.7
467,1437,18.2,24.0,-6.5
468,1438,0.1,24.4,-7.4
469,1439,-20.8,24.7,-8.1
470,1440,-28.4,27.0,-8.7
471,1441,-33.0,30.0,-9.0
472,1442,-45.4,32.1,-9.2
473,1443,-37.9,32.7,-9.1
474,1444,-31.0,31.4,-9.1
475,1445,-27.5,29.0,-9.0
476,1446,-31.0,26.5,-8.9
477,1447,-42.7,24.4,-8.7
478,1448,-24.0,22.3,-8.3
479,1449,-3.1,20.7,-7.8
480,1450,3.5,22.0,-7.1
481,1451,23.9,21.7,-6.4
482,1452,41.7,23.4,-5.8
483,1453,43.9,26.6,-5.5
484,1454,21.1,25.7,-5.5
485,1455,-4.9,22.6,-5.5
486,1456,-23.3,20.6,-5.5
487,1457,-41.2,21.6,-5.4
488,1458,-33.5,22.7,-5.0
489,1459,-6.1,23.2,-4.4
490,1460,9.4,22.2,-3.8
491,1461,23.8,23.3,-3.2
492,1462,24.9,23.2,-2.8
493,1463,4.2,20.6,-2.5
494,1464,-18.9,21.3,-2.4
495,1465,-28.9,22.0,-2.2
496,1466,-18.7,21.6,-2.1
497,1467,-1.0,20.9,-1.9
498,1468,16.1,19.5,-1.9
499,1469,24.3,21.4,-2.0
500,1470,14.8,21.8,-2.2
501,1471,-4.9,21.3,-2.5
502,1472,-25.0,21.3,-2.8
503,1473,-45.7,20.4,-2.9
504,1474,-45.2,19.2,-2.7
505,1475,-20.6,18.8,-2.3
506,1476,11.0,20.5,-1.7
507,1477,30.3,21.9,-1.2
508,1478,35.0,22.3,-0.8
509,1479,30.6,22.6,-0.7
510,1480,14.5,21.9,-0.7
511,1481,-7.9,19.9,-0.8
512,1482,-13.7,18.7,-0.9
513,1483,-10.9,19.0,-0.8
514,1484,-4.9,19.3,-0.6
515,1485,0.9,18.5,-0.3
516,1486,-5.6,17.4,-0.1
517,1487,-7.4,18.5,0.1
518,1488,-9.6,18.3,0.2
519,1489,-16.8,17.6,0.2
520,1490,-14.2,17.8,0.3
521,1491,2.3,19.1,0.5
522,1492,15.7,20.2,0.7
523,1493,20.8,21.5,1.0
524,1494,26.0,23.0,1.2
525,1495,20.9,22.4,1.3
526,1496,2.4,20.6,1.2
527,1497,-11.6,20.8,1.1
528,1498,-19.9,20.9,0.9
529,1499,-20.6,20.6,0.9
530,1500,-7.4,20.7,1.0
531,1501,5.1,21.3,1.1
532,1502,12.4,23.6,1.3
533,1503,19.7,23.7,1.4
534,1504,29.1,23.2,1.3
535,1505,25.2,22.5,1.1
536,1506,1.3,20.7,0.8
537,1507,-20.4,21.7,0.4
538,1508,-24.2,21.9,0.2
539,1509,-31.0,21.2,0.0
540,1510,-32.1,20.3,-0.1
541,1511,-16.6,20.0,-0.1
542,1512,7.1,21.9,-0.1
543,1513,30.2,22.2,-0.2
544,1514,34.9,23.0,-0.3
545,1515,25.2,23.1,-0.5
546,1516,14.4,21.8,-0.6
547,1517,2.1,19.3,-0.7
548,1518,-0.4,17.0,-0.8
549,1519,-1.8,17.4,-0.9
550,1520,-6.5,18.6,-1.1
551,1521,-5.3,18.6,-1.3
552,1522,-10.7,18.9,-1.6
553,1523,-14.7,19.9,-1.8
554,1524,-20.9,20.6,-1.8
555,1525,-29.3,20.9,-1.7
556,1526,-17.8,20.8,-1.3
557,1527,-0.4,20.2,-0.8
558,1528,9.4,20.6,-0.2
559,1529,10.5,20.6,0.3
560,1530,2.2,20.1,0.8
561,1531,-6.4,20.1,1.1
562,1532,-12.4,20.4,1.5
563,1533,-12.4,20.6,1.8
564,1534,-8.5,21.5,2.2
565,1535,15.9,23.8,2.6
566,1536,48.4,26.7,3.0
567,1537,45.5,25.6,3.4
568,1538,13.6,22.8,3.8
569,1539,-14.0,21.8,4.2
570,1540,-19.5,21.5,4.8
571,1541,-22.9,21.8,5.6
572,1542,-28.3,21.3,6.5
573,1543,-6.8,23.0,7.5
574,1544,24.9,25.3,8.4
575,1545,44.4,25.8,9.3
576,1546,44.6,28.2,9.9
577,1547,32.1,28.6,10.3
578,1548,14.4,26.2,10.6
579,1549,0.8,24.9,10.9
580,1550,-1.5,23.4,11.3
581,1551,-12.8,22.8,11.6
582,1552,-18.8,22.0,12.1
583,1553,0.4,20.7,12.6
584,1554,11.5,22.1,13.1
585,1555,3.2,22.4,13.7
586,1556,-2.9,22.9,14.3
587,1557,14.3,24.9,15.1
588,1558,33.7,27.9,16.0
589,1559,51.8,31.3,16.9
590,1560,60.6,35.3,17.9
591,1561,55.2,36.4,18.7
592,1562,45.8,34.4,19.4
593,1563,21.1,30.6,19.8
594,1564,-4.2,26.7,20.0
595,1565,-18.3,24.3,20.3
596,1566,-18.4,23.4,20.7
597,1567,9.3,23.5,21.2
598,1568,17.6,24.9,21.9
599,1569,19.4,25.7,22.7
600,1570,31.9,27.1,23.6
601,1571,17.5,28.2,24.6
602,1572,7.9,29.4,25.5
603,1573,10.1,31.2,26.5
604,1574,10.2,31.5,27.5
605,1575,25.0,31.9,28.4
606,1576,33.3,31.7,29.3
607,1577,54.8,32.1,30.1
608,1578,80.5,39.0,30.9
609,1579,70.4,45.5,31.6
610,1580,67.1,47.2,32.3
611,1581,57.5,44.1,33.1
612,1582,26.1,37.5,34.1
613,1583,10.4,32.3,35.3
614,1584,-4.3,29.4,36.6
615,1585,-0.7,30.4,38.0
616,1586,13.1,30.8,39.6
617,1587,13.2,35.2,41.0
618,1588,31.8,45.5,42.4
619,1589,48.9,53.8,43.7
620,1590,60.5,56.7,44.9
621,1591,73.5,51.8,45.8
622,1592,66.5,40.4,46.6
623,1593,52.6,34.8,47.3
624,1594,22.8,33.1,47.9
625,1595,11.0,29.3,48.5
626,1596,15.5,29.0,49.2
627,1597,13.8,33.5,49.9
628,1598,40.4,44.7,50.5
629,1599,87.1,56.7,51.0
630,1600,129.4,64.8,51.1
631,1601,142.5,64.9,50.9
632,1602,133.2,57.9,50.2
633,1603,131.6,56.5,49.0
634,1604,89.0,52.8,47.6
635,1605,35.6,45.3,46.0
636,1606,17.2,39.5,44.3
637,1607,9.7,35.0,42.6
638,1608,8.4,30.9,40.9
639,1609,4.0,33.0,39.2
640,1610,11.1,37.6,37.5
641,1611,18.0,40.1,35.8
642,1612,19.7,40.3,34.2
643,1613,32.3,39.1,32.6
644,1614,48.9,37.0,31.0
645,1615,67.4,37.5,29.3
646,1616,62.5,36.5,27.6
647,1617,42.1,31.2,25.6
648,1618,12.1,25.6,23.6
649,1619,-27.1,21.7,21.5
650,1620,-32.3,21.6,19.5
651,1621,-30.8,22.2,17.8
652,1622,-31.4,22.3,16.3
653,1623,-13.0,25.1,15.3
654,1624,22.1,28.9,14.6
655,1625,54.7,33.0,14.1
656,1626,56.4,35.4,13.8
657,1627,54.0,33.8,13.3
658,1628,44.1,31.8,12.8
659,1629,21.0,28.9,12.1
660,1630,10.8,25.9,11.3
661,1631,-1.0,24.6,10.5
662,1632,-2.7,23.9,9.8
663,1633,-3.4,23.7,9.1
664,1634,-6.3,23.8,8.5
665,1635,-0.4,23.0,8.0
666,1636,3.6,23.3,7.5
667,1637,10.1,21.6,7.1
668,1638,14.5,21.7,6.6
669,1639,2.6,22.9,6.2
670,1640,-12.6,22.3,5.9
671,1641,-15.4,22.8,5.6
672,1642,-9.5,21.6,5.4
673,1643,-2.3,19.1,5.1
674,1644,13.3,22.3,4.9
675,1645,21.8,25.3,4.5
676,1646,22.6,26.0,4.1
677,1647,18.2,25.6,3.6
678,1648,3.6,22.6,3.0
679,1649,0.5,22.6,2.5
680,1650,0.9,23.0,2.1
681,1651,2.2,21.6,1.8
682,1652,11.6,22.6,1.5
683,1653,13.0,22.1,1.2
684,1654,16.8,20.8,0.9
685,1655,11.7,22.3,0.5
686,1656,-8.4,23.2,0.0
687,1657,-23.0,23.6,-0.5
688,1658,-32.3,21.8,-0.9
689,1659,-28.1,19.7,-1.2
690,1660,-14.3,21.6,-1.2
691,1661,-5.2,21.8,-1.1
692,1662,13.7,21.7,-0.9
693,1663,26.2,21.0,-0.7
694,1664,20.5,19.4,-0.7
695,1665,11.6,21.0,-0.8
696,1666,0.9,22.3,-1.1
697,1667,-13.2,21.7,-1.3
698,1668,-28.9,20.2,-1.5
699,1669,-27.6,20.4,-1.5
700,1670,-18.9,21.9,-1.4
701,1671,-9.6,22.1,-1.0
702,1672,8.5,21.8,-0.7
703,1673,19.2,20.9,-0.3
704,1674,12.4,21.6,-0.1
705,1675,3.3,21.4,0.0
706,1676,-5.8,20.2,0.0
707,1677,-14.4,21.1,0.0
708,1678,-18.7,22.3,0.2
709,1679,-6.6,23.5,0.4
710,1680,15.5,24.6,0.5
711,1681,37.1,25.1,0.6
712,1682,58.0,26.6,0.5
713,1683,43.0,26.0,0.1
714,1684,2.5,22.5,-0.4
715,1685,-25.6,22.1,-0.9
716,1686,-39.2,24.9,-1.3
717,1687,-37.4,25.7,-1.5
718,1688,-31.7,23.7,-1.5
719,1689,-5.3,21.6,-1.5
720,1690,25.2,20.3,-1.5
721,1691,33.7,23.8,-1.6
722,1692,27.3,23.7,-1.9
723,1693,2.3,20.9,-2.3
724,1694,-16.6,22.6,-2.7
725,1695,-32.7,23.0,-3.0
726,1696,-45.7,24.2,-3.2
727,1697,-34.7,23.6,-3.1
728,1698,-12.0,21.9,-2.9
729,1699,16.0,21.9,-2.6
730,1700,19.8,19.2,-2.4
731,1701,1.2,17.2,-2.1
732,1702,2.8,18.7,-1.7
733,1703,-2.2,18.6,-1.1
734,1704,-2.8,18.0,-0.2
735,1705,8.4,17.9,1.0
736,1706,2.5,19.1,2.4
737,1707,0.9,20.1,4.0
738,1708,-1.2,20.0,5.9
739,1709,-9.0,19.2,7.8
740,1710,-8.3,18.4,9.8
741,1711,-9.5,18.9,11.9
742,1712,-6.3,19.7,13.9
743,1713,4.5,18.8,16.0
744,1714,9.7,18.8,18.1
745,1715,13.3,20.9,20.3
746,1716,2.1,22.1,22.5
747,1717,-3.5,23.1,25.0
748,1718,12.0,25.7,27.8
749,1719,12.3,28.0,30.7
750,1720,12.9,31.8,33.9
751,1721,34.5,37.8,37.2
752,1722,63.0,44.3,40.5
753,1723,75.6,48.6,43.6
754,1724,73.1,49.0,46.5
755,1725,84.8,46.9,49.0
756,1726,98.4,47.1,51.1
757,1727,106.0,48.8,52.9
758,1728,119.4,51.6,54.3
759,1729,103.3,50.5,55.3
760,1730,81.0,45.9,55.9
761,1731,51.5,38.6,56.2
762,1732,0.9,32.3,56.2
763,1733,-35.0,29.5,56.2
764,1734,-40.1,30.7,56.1
765,1735,-4.2,35.4,56.2
766,1736,38.1,41.8,56.4
767,1737,80.6,51.8,56.6
768,1738,151.1,66.8,56.8
769,1739,190.2,74.1,56.6
770,1740,174.6,68.0,55.9
771,1741,137.9,55.9,54.7
772,1742,97.1,44.6,53.1
773,1743,51.9,36.6,51.4
774,1744,6.4,29.8,49.6
775,1745,-14.0,25.5,48.2
776,1746,-14.7,23.8,47.1
777,1747,-6.8,23.6,46.4
778,1748,13.0,23.5,45.9
779,1749,38.8,25.3,45.7
780,1750,29.7,24.2,45.4
781,1751,19.0,25.0,45.3
782,1752,9.0,27.8,45.3
783,1753,-17.6,28.7,45.6
784,1754,-31.3,30.4,46.2
785,1755,-18.7,33.4,47.3
786,1756,20.5,37.8,48.8
787,1757,70.8,46.1,50.6
788,1758,101.4,54.6,52.7
789,1759,138.8,61.1,54.8
790,1760,134.3,59.9,56.8
791,1761,90.6,56.0,58.9
792,1762,66.8,55.5,61.3
793,1763,61.7,55.0,64.0
794,1764,68.5,53.0,66.9
795,1765,88.9,50.3,70.2
796,1766,94.8,43.9,73.6
797,1767,83.5,42.5,77.0
798,1768,62.0,42.3,80.4
799,1769,20.5,37.1,83.8
800,1770,-4.4,31.9,87.3
801,1771,-15.5,28.4,91.0
802,1772,-8.6,26.1,94.8
803,1773,21.1,29.0,98.7
804,1774,65.0,36.6,102.4
805,1775,126.6,46.7,105.8
806,1776,189.3,57.3,108.6
807,1777,224.8,64.1,110.6
808,1778,237.6,72.1,111.6
809,1779,207.9,74.8,111.9
810,1780,159.9,70.9,111.6
811,1781,132.2,64.0,111.0
812,1782,123.0,55.8,110.0
813,1783,112.7,49.3,108.9
814,1784,126.1,50.3,107.4
815,1785,156.5,54.4,105.4
816,1786,182.0,63.2,103.0
817,1787,193.2,73.7,99.8
818,1788,191.7,81.3,96.1
819,1789,180.6,80.0,91.8
820,1790,127.5,66.1,87.0
821,1791,73.8,48.0,81.8
822,1792,47.5,38.6,76.3
823,1793,8.2,32.9,70.7
824,1794,-20.6,27.5,65.0
825,1795,-29.5,24.2,59.5
826,1796,-29.9,21.6,54.1
827,1797,-16.4,21.5,49.1
828,1798,-7.7,24.1,44.3
829,1799,20.8,27.7,40.0
830,1800,54.3,32.6,36.0
831,1801,57.4,35.1,32.3
832,1802,48.5,33.9,29.0
833,1803,25.4,29.7,25.9
834,1804,15.7,25.6,23.2
835,1805,10.1,25.4,20.9
836,1806,-13.4,25.7,18.8
837,1807,-11.2,25.2,17.1
838,1808,-0.2,25.4,15.8
839,1809,6.5,27.2,15.0
840,1810,10.7,28.3,14.7
841,1811,6.9,28.7,15.0
842,1812,20.5,29.3,16.0
843,1813,24.2,27.8,17.5
844,1814,25.6,29.9,19.4
845,1815,28.0,28.0,21.6
846,1816,6.4,24.3,24.0
847,1817,-2.0,28.9,26.4
848,1818,-7.8,31.2,28.9
849,1819,-18.1,30.3,31.5
850,1820,-23.0,29.9,34.2
851,1821,-7.7,27.6,37.2
852,1822,36.2,33.0,40.4
853,1823,59.1,46.3,43.7
854,1824,67.9,56.1,47.1
855,1825,79.0,59.0,50.3
856,1826,60.1,52.5,53.3
857,1827,38.8,46.2,56.1
858,1828,19.2,45.7,58.8
859,1829,14.5,48.3,61.6
860,1830,40.3,49.3,64.5
861,1831,81.6,51.2,67.5
862,1832,143.5,58.6,70.4
863,1833,187.1,68.7,72.8
864,1834,186.6,71.8,74.7
865,1835,173.3,68.2,75.8
866,1836,145.9,60.7,76.3
867,1837,105.6,51.0,76.4
868,1838,56.7,44.2,76.4
869,1839,29.5,42.3,76.4
870,1840,45.3,44.1,76.6
871,1841,61.8,45.9,76.8
872,1842,64.6,45.2,77.0
873,1843,69.5,42.1,76.9
874,1844,76.3,37.8,76.7
875,1845,58.8,32.3,76.3
876,1846,23.1,31.0,75.8
877,1847,15.1,34.5,75.5
878,1848,27.5,38.7,75.5
879,1849,52.4,45.1,75.7
880,1850,89.3,53.6,76.1
881,1851,127.5,60.4,76.4
882,1852,140.2,59.6,76.5
883,1853,107.5,52.4,76.4
884,1854,63.1,44.2,76.2
885,1855,24.3,38.9,76.2
886,1856,9.6,37.0,76.4
887,1857,29.3,38.4,76.8
888,1858,71.1,42.0,77.4
889,1859,126.8,53.2,78.1
890,1860,158.9,63.8,78.5
891,1861,165.7,66.0,78.5
892,1862,142.8,59.4,78.0
893,1863,80.5,47.9,77.2
894,1864,38.4,39.1,76.2
895,1865,26.8,36.1,75.2
896,1866,32.7,36.7,74.2
897,1867,43.0,36.5,73.1
898,1868,60.5,38.8,71.8
899,1869,95.5,45.6,70.3
900,1870,121.0,51.9,68.5
901,1871,131.6,56.2,66.3
902,1872,138.7,57.7,63.9
903,1873,132.6,52.7,61.3
904,1874,93.7,42.9,58.6
905,1875,47.9,34.1,56.0
906,1876,22.7,27.9,53.3
907,1877,-3.8,24.9,50.7
908,1878,-24.1,24.8,48.0
909,1879,-9.3,26.9,45.4
910,1880,22.5,31.8,42.9
911,1881,44.1,35.3,40.6
912,1882,52.0,35.1,38.5
913,1883,69.7,32.5,36.6
914,1884,64.0,28.1,35.0
915,1885,38.2,27.0,33.6
916,1886,6.0,25.2,32.3
917,1887,-27.7,22.6,31.1
918,1888,-39.3,22.8,30.1
919,1889,-24.1,24.8,29.2
920,1890,-7.0,27.4,28.5
921,1891,8.3,32.0,28.0
922,1892,40.1,38.2,27.7
923,1893,96.4,46.0,27.6
924,1894,111.9,46.7,27.6
925,1895,78.8,39.2,27.4
926,1896,36.1,30.4,27.3
927,1897,9.7,25.7,27.2
928,1898,-7.5,24.1,27.2
929,1899,-31.1,23.3,27.3
